Durango,Tlahualilo,2018-11-20T16:47:58-07:00,0001,,https://www.lapoliciaca.com/nota-roja/adolescente-mata-a-anciano-porque-le-hizo-propuestas-indecorosas/
Coahuila,Ramos Arizpe,2018-11-19T09:31:17-07:00,0002,,https://www.lapoliciaca.com/nota-roja/no-soporto-mas-enganos-de-su-marido-infiel-y-se-quita-la-vida/
Estado de México,Toluca,2018-11-19T08:41:26-07:00,0003,DISPAROS,https://www.lapoliciaca.com/nota-roja/muere-de-un-infarto-hector-beltran-leyva/
Puebla,San Andrés Cholula,2018-11-17T17:56:02-07:00,0004,,https://www.lapoliciaca.com/nota-roja/se-acosto-con-la-novia-de-su-amigo-y-termino-muerto/
Chihuahua,Chihuahua,2018-11-17T17:51:36-07:00,0005,,https://www.lapoliciaca.com/nota-roja/turista-estadounidense-fue-privado-de-la-vida-al-encontrarse-con-una-fiesta-de-malandros/
Tamaulipas,Matamoros,2018-11-16T19:12:41-07:00,0007,,https://www.lapoliciaca.com/nota-roja/apunala-a-joven-por-supuestamente-subir-al-facebook-fotos-de-su-novia-sin-ropa/
Veracruz,Tepetlán,2018-11-16T19:09:22-07:00,0008,,https://www.lapoliciaca.com/nota-roja/nina-de-10-anos-aparece-muerta-y-encostalada-flotando-en-una-laguna/
Guanajuato,Jaral Del Progreso,2018-11-16T19:06:51-07:00,0009,,https://www.lapoliciaca.com/nota-roja/desentierran-cuerpo-de-mujer-para-violarlo/
Estado de México,Ecatepec,2018-11-16T18:01:06-07:00,0010,,https://www.lapoliciaca.com/nota-roja/briayan-mato-a-su-mama-tras-una-discusion/
Estado de México,Ecatepec,2018-11-16T17:23:08-07:00,0011,,https://www.lapoliciaca.com/nota-roja/asaltante-roba-a-una-mujer-justiciero-lo-sigue-y-lo-mata/
Puebla,Puebla,2018-11-15T19:59:00-07:00,0013,,https://www.lapoliciaca.com/nota-roja/la-enamoran-por-facebook-la-graban-sosteniendo-relaciones-y-suben-el-video-a-internet/
Estado de México,Tenancingo,2018-11-14T18:27:54-07:00,0016,,https://www.lapoliciaca.com/nota-roja/policia-municipal-mato-a-su-expareja-tras-una-discusion/
Estado de Mexico,Acambay,2018-11-14T15:57:48-07:00,0017,,https://www.lapoliciaca.com/nota-roja/ernesto-mato-a-golpes-a-su-novia-y-luego-la-reporto-como-desaparecida/
Estado de México,Cuautitlán,2018-11-14T14:21:42-07:00,0018,,https://www.lapoliciaca.com/nota-roja/ciudadano-desarma-a-ladron-y-lo-mata-con-la-misma-pistola/
Estado de México,Ciudad Netzahualcóyotl,2018-11-13T20:37:09-07:00,0019,,https://www.lapoliciaca.com/nota-roja/violan-a-un-hombre-y-lo-matan/
Yucatán,Felipe Carrillo Puerto,2018-11-13T14:55:29-07:00,0021,,https://www.lapoliciaca.com/nota-roja/se-despide-de-su-pareja-por-facebook-y-luego-se-suicida/
Tamaulipas,Altamira,2018-11-12T17:21:13-07:00,0022,,https://www.lapoliciaca.com/nota-roja/la-muerte-les-cayo-del-cielo/
Coahuila,Torreón,2018-11-12T17:19:14-07:00,0023,,https://www.lapoliciaca.com/nota-roja/erik-el-pequeno-monstruo-que-mato-a-una-jovencita-de-19-anos/
Durango,Guanaceví,2018-11-09T19:01:09-07:00,0026,,https://www.lapoliciaca.com/nota-roja/dejo-a-su-hijo-de-3-anos-solo-en-casa-al-regresar-lo-hallo-muerto/
Coahuila,Saltillo,2018-11-09T18:12:58-07:00,0027,,https://www.lapoliciaca.com/nota-roja/se-cuelga-con-audifonos-por-haber-reprobado-examen/
Estado de México,Nezahualcóyotl,2018-11-08T14:18:34-07:00,0029,DISPAROS,https://www.lapoliciaca.com/nota-roja/pasa-la-noche-con-una-mujer-en-un-hotel-al-amanecer-se-suicida/
Estado de México,Nezahualcóyotl,2018-11-07T16:43:41-07:00,0030,,https://www.lapoliciaca.com/nota-roja/hallan-muerta-a-estudiante-que-acudio-a-una-fiesta-de-halloween-y-desaparecio/
Puebla,Puebla,2018-11-07T15:27:29-07:00,0031,,https://www.lapoliciaca.com/nota-roja/matan-a-joven-estudiante-y-su-hermano-al-defenderse-en-un-asalto-video/
Guerrero,Cuajinicuilapa,2018-11-06T15:28:43-07:00,0032,,https://www.lapoliciaca.com/nota-roja/mato-a-brujo-porque-le-quedo-mal-con-un-trabajo-de-brujeria/
Sinaloa,Mocorito,2018-11-06T15:26:10-07:00,0034,,https://www.lapoliciaca.com/nota-roja/hallan-muerta-a-maestra-de-bachilleres-reportada-desaparecida/
Tabasco,Villahermosa,2018-11-06T15:06:44-07:00,0035,,https://www.lapoliciaca.com/nota-roja/mato-a-su-mujer-y-luego-se-colgo-de-un-arbol/
Estado de México,Chalco,2018-11-06T14:22:06-07:00,0036,,https://www.lapoliciaca.com/nota-roja/hallan-muerta-a-adolescente-reportada-desaparecida/
Guerrero,Iguala,2018-11-04T13:03:43-07:00,0037,,https://www.lapoliciaca.com/nota-roja/matan-a-cuatro-personas-cuando-reclamaban-el-cuerpo-de-un-familiar-en-el-semefo/
Estado de México,Chalco,2018-10-31T16:55:51-07:00,0038,,https://www.lapoliciaca.com/nota-roja/hallan-violada-y-privada-de-la-vida-a-una-joven-estudiante/
Puebla,Chiconcuautla,2018-10-31T15:46:56-07:00,0039,SECUESTRO,https://www.lapoliciaca.com/nota-roja/tias-secuestraron-y-mataron-a-nina-de-6-anos/
Tabasco,Villahermosa,2018-10-31T15:28:29-07:00,0040,SECUESTRO,https://www.lapoliciaca.com/nota-roja/mata-a-tres-mujeres-hiere-a-una-mas-e-intenta-robarse-a-un-menor/
Michoacán,Morelia,2018-10-30T09:26:40-07:00,0041,,https://www.lapoliciaca.com/nota-roja/pierde-la-vida-por-unas-palomitas-de-maiz/
Puebla,Tehuacán,2018-10-16T15:36:15-07:00,0042,,https://www.lapoliciaca.com/nota-roja/mujer-mato-a-su-amante-porque-iba-a-dejarla/
Nuevo León,Montemorelos,2018-10-10T12:12:37-07:00,0043,,https://www.lapoliciaca.com/nota-roja/mata-a-su-amigo-despues-de-violar-a-la-esposa/
Estado de México,Ecatepec,2018-10-09T18:52:54-07:00,0044,,https://www.lapoliciaca.com/nota-roja/prefiero-que-mis-perritos-se-coman-la-carne-a-que-ellas-sigan-respirando-mi-oxigeno-video/
Yucatán,Mérida,2018-10-08T18:17:38-07:00,0045,,https://www.lapoliciaca.com/nota-roja/mato-a-su-pareja-de-16-anos-y-dejo-el-cuerpo-en-un-terreno-baldio-video/
Estado de México,Ecatepec,2018-10-07T17:16:28-07:00,0046,,https://www.lapoliciaca.com/nota-roja/mataron-y-cortaron-en-pedazos-a-por-lo-menos-10-mujeres-las-engancharon-por-internet/
Oaxaca,Santiago Cacaloxtepec,2018-10-06T18:16:12-07:00,0047,ASALTO,https://www.lapoliciaca.com/nota-roja/acudio-con-brujo-para-saber-quien-le-habia-robado-una-memoria-usb-y-termino-violada/
Durango,Durango,2018-10-05T21:44:28-07:00,0048,,https://www.lapoliciaca.com/nota-roja/dejo-que-su-pareja-violara-y-matara-a-su-bebe/
Guerrero,Iguala,2018-10-05T19:41:30-07:00,0049,,https://www.lapoliciaca.com/nota-roja/mata-a-su-amigo-lo-hace-pedazos-y-lo-ofrenda-al-diablo/
Quintana Roo,Playa del Carmen,2018-10-05T08:34:22-07:00,0050,,https://www.lapoliciaca.com/nota-roja/metio-en-la-cajuela-de-su-auto-a-su-novia-tras-una-pelea/
Tamaulipas,Nuevo Laredo,2018-10-05T08:28:23-07:00,0051,,https://www.lapoliciaca.com/nota-roja/mataron-a-su-bebe-de-45-dias-de-nacida/
Puebla,Puebla,2018-10-05T08:16:44-07:00,0052,,https://www.lapoliciaca.com/nota-roja/mato-a-su-esposa-embarazada-y-sus-dos-hijos/
Sonora,Guaymas,2018-10-05T07:37:30-07:00,0053,,https://www.lapoliciaca.com/nota-roja/sicarios-acribillan-a-policias-municipales-en-guaymas-sonora-video/
Puebla,Quecholac,2018-10-05T07:33:47-07:00,0054,ASALTO,https://www.lapoliciaca.com/nota-roja/captan-agresion-de-marinos-contra-pobladores-durante-operativo-antihuachicol-video/
Veracruz,Chinameca,2018-10-05T07:28:28-07:00,0055,,https://www.lapoliciaca.com/nota-roja/mato-a-su-marido-luego-de-que-este-la-golpeara/
Estado de México,Ecatepec,2018-10-05T07:07:52-07:00,0056,,https://www.lapoliciaca.com/nota-roja/mato-a-su-esposo-y-metio-el-cadaver-en-un-tambo/
Guanajuato,San Miguel de Allende,2018-10-04T20:08:58-07:00,0057,,https://www.lapoliciaca.com/nota-roja/difunden-video-de-ataque-contra-esposo-de-sharis-cid-video/
Querétaro,Corregidora,2018-10-04T18:44:51-07:00,0058,,https://www.lapoliciaca.com/nota-roja/encuentran-cadaver-de-mujer-con-un-bebe-en-brazos/
Chihuahua,Ciudad Juárez,2018-10-03T20:09:45-07:00,0060,,https://www.lapoliciaca.com/nota-roja/ya-estoy-muerto-busquenme-en-el-semefo/
Sonora,Hermosillo,2018-10-03T19:39:35-07:00,0061,,https://www.lapoliciaca.com/nota-roja/buscan-a-sujeto-que-se-grabo-realizando-disparos-al-aire-mientras-manejaba/
Jalisco,Puerto Vallarta,2018-10-03T15:36:01-07:00,0062,ASALTO,https://www.lapoliciaca.com/nota-roja/dejan-cocodrilo-colgando-de-un-arbol-y-con-mensaje/
Guanajuato,Yuriria,2018-10-02T20:45:59-07:00,0063,,https://www.lapoliciaca.com/nota-roja/madre-saco-a-su-hijo-de-un-anexo-llegan-a-casa-y-la-mata-a-golpes/
Estado de México,Cuautitlán,2018-10-01T20:13:14-07:00,0064,,https://www.lapoliciaca.com/nota-roja/madre-mata-a-golpes-a-su-propio-hijo-de-6-meses-de-edad/
Estado de México,Toluca,2018-10-01T18:27:16-07:00,0065,,https://www.lapoliciaca.com/nota-roja/discute-con-su-amigo-lo-mata-a-martillazos-y-se-queda-dormido/
Tamaulipas,Tampico,2018-10-01T16:01:49-07:00,0066,,https://www.lapoliciaca.com/nota-roja/mato-a-universitaria-era-su-primo/
Estados Unidos,Texas,2018-09-29T14:42:33-07:00,0067,,https://www.lapoliciaca.com/nota-roja/detienen-a-la-actriz-daniela-castro-por-robar-en-una-tienda/
Veracruz,Veracruz,2018-09-28T14:57:12-07:00,0068,SECUESTRO,https://www.lapoliciaca.com/nota-roja/fue-a-una-entrevista-de-trabajo-y-desaparecio-ayer-la-encontraron-sin-vida/
Yucatán,Kanasín,2018-09-27T13:26:37-07:00,0069,,https://www.lapoliciaca.com/nota-roja/le-descubrio-un-chupeton-a-su-esposa-de-15-anos-y-se-suicido-por-desilusion/
Hidalgo,Tula,2018-09-26T15:33:33-07:00,0071,,https://www.lapoliciaca.com/nota-roja/se-suicida-nino-porque-sus-padres-lo-reganaron-por-no-hacer-tarea/
Nuevo León,Monterrey,2018-09-25T11:48:20-07:00,0073,,https://www.lapoliciaca.com/nota-roja/mato-a-su-novia-embarazada-porque-pensaba-que-el-bebe-que-esperaba-no-era-suyo/
Querétaro,Pedro Escobedo,2018-09-24T13:37:11-07:00,0074,,https://www.lapoliciaca.com/nota-roja/siguio-a-su-amado-al-otro-mundo/
Nuevo León,Monterrey,2018-09-24T10:05:59-07:00,0075,,https://www.lapoliciaca.com/nota-roja/aficionados-de-rayados-golpean-desnudan-y-dejan-grave-a-fan-de-tigres-video/
Durango,Mezquital,2018-09-23T15:02:06-07:00,0076,,https://www.lapoliciaca.com/nota-roja/arrolla-y-mata-a-su-bebe/
Guanajuato,León,2018-09-22T11:05:18-07:00,0077,,https://www.lapoliciaca.com/nota-roja/ni-la-muerte-los-separo-se-fueron-juntos/
Estado de México,Nezahualcóyotl,2018-09-22T09:51:14-07:00,0078,,https://www.lapoliciaca.com/nota-roja/padrastro-mata-a-martillazos-a-nina-de-11-anos/
Guanajuato,Pénjamo,2018-09-22T09:31:47-07:00,0079,DISPAROS,https://www.lapoliciaca.com/nota-roja/sicarios-preguntan-por-un-joven-nadie-lo-delato-y-terminan-con-la-vida-de-cinco/
Tamaulipas,Abasolo,2018-09-21T12:24:32-07:00,0080,,https://www.lapoliciaca.com/nota-roja/mata-a-golpes-a-su-esposa-tras-discusion-por-celos/
San Luis Potosí ,San Luis Potosí,2018-09-21T11:48:06-07:00,0081,:DISPAROS,https://www.lapoliciaca.com/nota-roja/mato-a-una-joven-de-20-anos-por-un-loro/
Estado de México,Toluca,2018-09-21T10:55:17-07:00,0082,,https://www.lapoliciaca.com/nota-roja/joven-es-violada-por-cinco-hombres-su-ex-novio-y-cuatro-amigos/
Yucatán,Ticul,2018-09-21T10:26:41-07:00,0083,,https://www.lapoliciaca.com/nota-roja/muere-mujer-al-atragantarse-con-un-pedazo-de-empanada/
Tamaulipas,Reynosa,2018-09-21T09:13:06-07:00,0084,DISPAROS,https://www.lapoliciaca.com/nota-roja/padre-disparo-a-maestro-por-haber-reganado-a-su-hija/
Tamaulipas,Nuevo Laredo,2018-09-21T07:48:22-07:00,0086,,https://www.lapoliciaca.com/nota-roja/muere-adolescente-tras-pelear-con-sexoservidora-por-el-novio/
Estado de México,Ecatepec,2018-09-20T13:22:45-07:00,0087,,https://www.lapoliciaca.com/nota-roja/mato-a-su-novia-tras-ir-a-celebrar-el-grito-de-independencia/
San Luis Potosí,San Luis Potosí,2018-09-20T11:42:11-07:00,0088,,https://www.lapoliciaca.com/nota-roja/mato-a-sus-padres-con-ayuda-de-sus-amigos/
Tabasco,Centro,2018-09-20T10:52:14-07:00,0089,,https://www.lapoliciaca.com/nota-roja/sujeto-mato-a-su-tio-por-el-amor-de-otro-hombre/
Oaxaca,San Agustín Loxicha,2018-09-20T09:31:37-07:00,0090,,https://www.lapoliciaca.com/nota-roja/violan-y-privan-de-la-vida-a-estudiante-de-telesecundaria/
Durango,Gómez Palacio,2018-09-20T08:34:30-07:00,0091,DISPAROS,https://www.lapoliciaca.com/nota-roja/nino-de-11-anos-se-quita-la-vida-en-vivienda-abandonada/
San Luis Potosí,San Luis Potosí,2018-09-20T07:55:08-07:00,0092,,https://www.lapoliciaca.com/nota-roja/mato-a-su-esposa-y-confeso-el-crimen-a-su-hijo-poco-antes-de-huir/
Baja California,Mexicali,2018-09-19T20:28:09-07:00,0093,,https://www.lapoliciaca.com/nota-roja/mata-a-su-ex-novia-en-un-motel-donde-acudieron-a-pasar-su-ultima-noche-video/
Puebla,Puebla,2018-09-19T19:54:54-07:00,0094,ASALTO,https://www.lapoliciaca.com/nota-roja/nicole-pasara-35-anos-en-prision-por-matar-a-su-pareja-con-la-ayuda-de-su-amante/
Sonora,San Luis Río Colorado,2018-09-19T10:43:09-07:00,0095,ASESINATO:DISPAROS,https://www.lapoliciaca.com/nota-roja/paga-su-entierro-en-funeraria-y-ahi-mismo-se-quita-la-vida/
Nayarit,Tepic,2018-09-19T09:26:44-07:00,0096,,https://www.lapoliciaca.com/nota-roja/nino-de-5-anos-fue-a-comprar-un-dulce-y-termina-muerto/
Veracruz,Tecolutla,2018-09-19T08:37:41-07:00,0097,DISPAROS,https://www.lapoliciaca.com/nota-roja/comando-armado-dispara-contra-una-familia-cuando-dormian-muere-un-nino-de-8-anos/
Quintana Roo,Puerto Morelos,2018-09-19T07:37:48-07:00,0098,,https://www.lapoliciaca.com/nota-roja/alumno-golpea-a-su-companera-dentro-del-salon-de-clases-video/
Tabasco,Huimanguillo,2018-09-18T09:59:26-07:00,0099,,https://www.lapoliciaca.com/nota-roja/a-machetazos-le-arranco-la-cabeza-a-una-mujer/
Jalisco,San Pedro Tlaquepaque,2018-09-18T07:42:24-07:00,0100,,https://www.lapoliciaca.com/nota-roja/levantan-y-torturan-a-ocho-jovenes-uno-de-ellos-murio/
Chihuahua,Ahumada,2018-09-17T22:46:02-07:00,0101,,https://www.lapoliciaca.com/nota-roja/angelica-fue-privada-de-la-vida-por-su-exesposo/
Michoacán,Morelia,2018-09-17T21:29:51-07:00,0102,,https://www.lapoliciaca.com/nota-roja/mata-a-mecanico-por-no-reparar-su-carro-en-fecha-acordada/
Estado de México,Ecatepec,2018-09-17T20:15:38-07:00,0103,,https://www.lapoliciaca.com/nota-roja/diana-tenia-23-anos-y-delincuentes-la-quemaron-viva-uno-ya-fue-capturado/
Estado de México,Lerma,2018-09-17T08:36:40-07:00,0104,,https://www.lapoliciaca.com/nota-roja/discute-con-su-novia-y-la-mata-dentro-de-su-casa/
Tabasco,Paraíso,2018-09-17T06:59:06-07:00,0105,,https://www.lapoliciaca.com/nota-roja/muere-chambelan-tras-acudir-a-sesion-de-fotos-con-la-quinceanera/
Jalisco,San Pedro Tlaquepaque,2018-09-16T18:49:54-07:00,0106,,https://www.lapoliciaca.com/nota-roja/157-cadaveres-vagan-en-la-caja-de-un-trailer/
Tamaulipas,Reynosa,2018-09-14T19:44:18-07:00,0108,,https://www.lapoliciaca.com/nota-roja/mato-a-su-padre-porque-se-lo-ordeno-el-diablo/
Chihuahua,Ciudad Juárez,2018-09-14T07:53:19-07:00,0109,,https://www.lapoliciaca.com/nota-roja/hallan-muerta-a-adolescente-que-salio-de-madrugada-con-un-amigo/
Chihuahua,Chihuahua,2018-09-12T20:05:18-07:00,0112,,https://www.lapoliciaca.com/nota-roja/moviliza-a-policias-aparicion-de-la-llorona/
Guanajuato,Irapuato,2018-09-12T20:00:54-07:00,0113,,https://www.lapoliciaca.com/nota-roja/hallan-a-bebe-viva-junto-a-los-cadaveres-de-tres-personas/
Sonora,Hermosillo,2018-09-12T19:30:16-07:00,0114,,https://www.lapoliciaca.com/nota-roja/banarse-en-una-cascada-les-costo-la-vida-a-dos-hermanos/
Jalisco,Lagos de Moreno,2018-09-12T19:00:50-07:00,0115,,https://www.lapoliciaca.com/nota-roja/tragedia-intentan-ayudar-a-menor-que-se-ahogaba-y-mueren/
Nuevo León,San Nicolás,2018-09-12T18:02:11-07:00,0116,,https://www.lapoliciaca.com/nota-roja/mata-a-la-abogada-que-lo-defendio-durante-un-juicio/
Estado de México,Ocoyoacac,2018-09-12T09:43:51-07:00,0117,,https://www.lapoliciaca.com/nota-roja/querian-quemar-viva-a-mujer-de-60-anos-por-ladrona/
Nayarit,Tepic,2018-09-11T20:19:58-07:00,0118,SECUESTRO,https://www.lapoliciaca.com/nota-roja/captan-el-momento-en-que-agentes-falsos-secuestran-a-mujer-video/
Nuevo León,Guadalupe,2018-09-11T18:49:18-07:00,0120,,https://www.lapoliciaca.com/nota-roja/violo-a-una-joven-y-videograbo-el-ataque/
Hidalgo,Tepeapulco,2018-09-11T17:28:41-07:00,0121,,https://www.lapoliciaca.com/nota-roja/mata-a-su-esposa-porque-llego-a-su-casa-de-madrugada/
Sonora,Hermosillo,2018-09-11T15:57:46-07:00,0122,,https://www.lapoliciaca.com/nota-roja/manana-me-voy-a-suicidar-fue-un-gusto-haberlos-conocido/
Puebla,Puebla,2018-09-10T21:22:54-07:00,0123,:ASESINATO,https://www.lapoliciaca.com/nota-roja/hallan-sin-vida-a-nino-de-7-anos-su-hermanastro-lo-mato-y-enterro-el-cuerpo/
Estado de México,Nezahualcóyotl,2018-09-09T18:21:47-07:00,0124,,https://www.lapoliciaca.com/nota-roja/encuentran-cadaver-de-bebe-en-banos-de-cinepolis/
San Luis Potosí,Rioverde,2018-09-07T18:23:09-07:00,0126,,https://www.lapoliciaca.com/nota-roja/hallan-viva-entre-basura-y-escombro-a-menor-reportada-desaparecida-video/
Veracruz,Maltrata,2018-09-07T16:38:27-07:00,0127,,https://www.lapoliciaca.com/nota-roja/rapina-les-cuesta-la-vida-a-cuatro-personas-video/
Michoacán,Morelia,2018-09-07T15:19:34-07:00,0128,,https://www.lapoliciaca.com/nota-roja/por-trabajo-mal-hecho-cliente-mata-a-tiros-dueno-de-taller-mecanico/
Guanajuato,León,2018-09-06T16:14:19-07:00,0129,,https://www.lapoliciaca.com/nota-roja/vendedor-de-seguros-estafa-a-medico-y-luego-lo-manda-matar/
Tamaulipas,Nuevo Laredo,2018-09-05T18:37:12-07:00,0130,,https://www.lapoliciaca.com/nota-roja/tren-amputa-piernas-a-joven-madre-y-su-recien-nacido/
Jalisco,Puerto Vallarta,2018-09-05T17:49:21-07:00,0131,,https://www.lapoliciaca.com/nota-roja/rescatan-restos-de-hombre-que-fue-devorado-por-un-cocodrilo/
Nuevo León,Apodaca,2018-09-05T15:54:17-07:00,0132,,https://www.lapoliciaca.com/nota-roja/muere-nino-al-intentar-salvar-a-su-amigo-video/
Zacatecas,Fresnillo,2018-09-05T15:10:46-07:00,0133,SECUESTRO,https://www.lapoliciaca.com/nota-roja/fingio-embarazo-y-que-le-extrajeron-al-bebe-para-retener-a-su-pareja/
Coahuila,Saltillo,2018-09-04T16:11:45-07:00,0134,ASALTO,https://www.lapoliciaca.com/nota-roja/finge-ser-maestro-para-robar-celulares-en-universidad/
Sinaloa,Culiacán,2018-09-04T15:12:53-07:00,0135,,https://www.lapoliciaca.com/nota-roja/hallan-acribillado-a-reo-que-se-fugo-de-un-penal-en-sinaloa/
Chihuahua,Ciudad Juárez,2018-09-03T20:32:37-07:00,0136,,https://www.lapoliciaca.com/nota-roja/mata-mecanico-a-cliente-porque-le-pidio-que-le-regresara-su-auto/
Veracruz,Naranjos,2018-09-03T19:40:38-07:00,0137,:SECUESTRO,https://www.lapoliciaca.com/nota-roja/pretendian-linchar-a-payaso-solo-por-estar-cerca-de-una-escuela/
Jalisco,Guadalajara,2018-09-03T18:16:00-07:00,0138,,https://www.lapoliciaca.com/nota-roja/se-robo-una-carroza-funebre-con-todo-y-cadaver/
San Luis Potosí,Real de Catorce,2018-09-03T17:01:05-07:00,0140,,https://www.lapoliciaca.com/nota-roja/por-tomarse-una-selfie-mujer-y-nina-mueren-arrolladas-por-el-tren/
Estados Unidos,Arizona,2018-09-03T15:41:15-07:00,0141,,https://www.lapoliciaca.com/nota-roja/mato-a-su-exesposa-embarazada-y-a-un-hombre-rapto-a-sus-dos-hijos/
Hidalgo,Tula,2018-09-02T20:52:27-07:00,0142,,https://www.lapoliciaca.com/nota-roja/pareja-quemada-viva-en-hidalgo-eran-inocentes/
Aguascalientes,Aguascalientes,2018-09-02T19:59:40-07:00,0143,,https://www.lapoliciaca.com/nota-roja/mato-a-su-vecino-porque-le-robaba-la-luz/
Estado de México,Ixtapaluca,2018-09-01T15:55:20-07:00,0144,,https://www.lapoliciaca.com/nota-roja/nino-de-siete-anos-muere-sepultado-mientras-buscaba-comida-en-basurero/
Hidalgo,Tula de Allende,2018-08-31T18:23:03-07:00,0145,,https://www.lapoliciaca.com/nota-roja/queman-viva-a-pareja-acusada-de-roba-chicos-ahora-en-hidalgo/
Baja California,Tijuana,2018-08-31T17:38:39-07:00,0146,,https://www.lapoliciaca.com/nota-roja/desaparecio-junto-con-su-hija-a-la-menor-la-hallaron-deambulando-en-la-calle-a-la-madre-muerta/
Guanajuato,Apaseo el Alto,2018-08-31T15:34:25-07:00,0147,DISPAROS,https://www.lapoliciaca.com/nota-roja/sicarios-matan-a-tres-jovenes-por-grabar-ejecucion/
Guerrero,Zihuatanejo,2018-08-30T18:05:33-07:00,0148,SECUESTRO:ASESINATO,https://www.lapoliciaca.com/nota-roja/maestro-fue-a-guerrero-a-buscar-a-un-hijo-secuestrado-lo-mataron-junto-a-otro-hijo-y-su-yerno/
Puebla,Acatlán de Osorio,2018-08-30T12:22:16-07:00,0149,SECUESTRO,https://www.lapoliciaca.com/nota-roja/madre-vio-por-facebook-como-quemaban-vivo-a-su-hijo-y-clama-piedad/
Nuevo León,Monterrey,2018-08-29T19:01:47-07:00,0151,,https://www.lapoliciaca.com/nota-roja/por-golpear-con-cinturon-a-su-hijo-de-10-anos-madre-va-a-la-carcel/
Morelos,Cuernavaca,2018-08-29T18:49:48-07:00,0152,,https://www.lapoliciaca.com/nota-roja/localizan-cadaver-de-quinceanera-que-habia-sido-reportada-desaparecida/
Puebla,Acatlán de Osorio,2018-08-29T18:40:35-07:00,0153,,https://www.lapoliciaca.com/nota-roja/queman-vivos-a-dos-hombres-acusados-de-ser-roba-chicos/
Yucatán,Kanasín,2018-08-29T17:26:24-07:00,0154,,https://www.lapoliciaca.com/nota-roja/mato-a-su-amante-porque-termino-su-relacion-con-el/
Guanajuato,Apaseo el Grande,2018-08-28T17:20:58-07:00,0155,DISPAROS,https://www.lapoliciaca.com/nota-roja/le-apunto-a-la-cabeza-a-su-esposa-se-escucho-un-disparo-el-murio/
Sinaloa,Culiacán,2018-08-28T17:16:03-07:00,0156,,https://www.lapoliciaca.com/nota-roja/confesiones-de-un-ex-sicario/
Chihuahua,Parral,2018-08-28T16:26:05-07:00,0157,,https://www.lapoliciaca.com/nota-roja/jovencita-fue-cortada-en-pedazos-por-supuestamente-robar-ninos/
Estado de México,Toluca,2018-08-28T14:25:55-07:00,0158,,https://www.lapoliciaca.com/nota-roja/le-corto-el-cuello-a-su-vecinito-de-10-anos/
Aguascalientes,Aguascalientes,2018-08-27T21:18:26-07:00,0159,,https://www.lapoliciaca.com/nota-roja/cuelgan-a-presunto-ladron-de-un-poste/
Estado de México,Naucalpan,2018-08-27T19:54:12-07:00,0160,,https://www.lapoliciaca.com/nota-roja/mama-da-su-vida-para-salvar-a-su-bebe/
Chiapas,Villa Corzo,2018-08-27T19:25:21-07:00,0161,,https://www.lapoliciaca.com/nota-roja/ninos-mueren-ahogados-cuando-su-papa-intento-cruzar-un-arroyo-crecido/
Coahuila,Torreón,2018-08-27T17:26:51-07:00,0162,,https://www.lapoliciaca.com/nota-roja/vecinos-matan-a-joven-acusado-de-envenenar-a-sus-perros/
San Luis Potosí,Aquismón,2018-08-27T16:21:27-07:00,0163,,https://www.lapoliciaca.com/nota-roja/tu-mataste-a-tu-hija-verdad/
Tabasco,Villahermosa,2018-08-25T16:05:05-07:00,0164,,https://www.lapoliciaca.com/nota-roja/detienen-a-presunto-violador-serial-violada-a-pacientes-del-imss/
Puebla,Huejotzingo,2018-08-25T16:03:57-07:00,0165,,https://www.lapoliciaca.com/nota-roja/hallan-cortada-en-pedazos-a-mujer-que-desaparecio-tras-salir-a-la-tienda/
Quintana Roo,Felipe Carrillo Puerto,2018-08-25T15:10:29-07:00,0166,,https://www.lapoliciaca.com/nota-roja/adolescente-mata-a-su-novia-y-su-suegra-tras-una-discusion/
Estado de México,Villa Victoria,2018-08-25T15:04:49-07:00,0167,,https://www.lapoliciaca.com/nota-roja/matan-a-dos-jovenes-mientras-tenian-relaciones-cerca-de-un-riachuelo/
Estado de México,Tultepec,2018-08-23T14:17:43-07:00,0169,,https://www.lapoliciaca.com/nota-roja/dejan-encerrados-a-dos-ninos-y-mueren-quemados-en-incendio/
Tabasco,Centro,2018-08-22T16:28:10-07:00,0170,,https://www.lapoliciaca.com/nota-roja/se-mato-sobre-la-tumba-de-su-hijita/
Durango,Lerdo,2018-08-21T15:51:29-07:00,0173,,https://www.lapoliciaca.com/nota-roja/mato-a-su-tia-porque-puso-en-duda-la-paternidad-de-uno-de-sus-hijos/
Guerrero,Zihuatanejo,2018-08-21T14:37:47-07:00,0174,,https://www.lapoliciaca.com/nota-roja/ejecutan-a-joven-mujer-por-abrir-la-boca-de-mas/
Estado de México,Teotihuacán,2018-08-20T19:45:36-07:00,0175,,https://www.lapoliciaca.com/nota-roja/militar-encuentra-a-su-esposa-con-amante-y-lo-mata-a-martillazos/
Tamaulipas,Reynosa,2018-08-20T13:24:45-07:00,0176,SECUESTRO,https://www.lapoliciaca.com/nota-roja/mujer-finge-su-muerte-para-salvar-su-vida/
Chihuahua,Ciudad Juárez,2018-08-18T19:04:35-07:00,0177,ASALTO,https://www.lapoliciaca.com/nota-roja/mantuvo-cadaver-de-nino-en-un-closet-de-su-vivienda-casi-5-dias/
Nayarit,Bahía de Banderas,2018-08-18T18:58:22-07:00,0178,DISPAROS,https://www.lapoliciaca.com/nota-roja/fue-a-visitar-a-su-novia-la-mata-y-luego-se-suicida/
Zacatecas,Fresnillo,2018-08-18T18:42:54-07:00,0179,SECUESTRO,https://www.lapoliciaca.com/nota-roja/reo-mata-a-otro-por-haber-violado-a-un-familiar-cercano/
Estado de México,Chimalhuacán,2018-08-18T17:44:39-07:00,0180,,https://www.lapoliciaca.com/nota-roja/joven-heroe-salvo-a-un-nino-de-morir-ahogado-la-mama-fallecio-video/
Tamaulipas,Ciudad Victoria,2018-08-18T14:55:20-07:00,0181,,https://www.lapoliciaca.com/nota-roja/se-quita-la-vida-al-ya-no-aguantar-a-su-suegra/
San Luis Potosí ,San Luis Potosí,2018-08-17T17:48:28-07:00,0182,,https://www.lapoliciaca.com/nota-roja/matan-a-dos-hombres-desnudos-y-los-cuelgan-de-un-puente-peatonal/
<span class="st">Yucatán</span>,Cozumel,2018-08-16T11:42:20-07:00,0183,,https://www.lapoliciaca.com/nota-roja/por-un-error-paso-11-anos-presa-en-estados-unidos/
Veracruz,Coatzacoalcos,2018-08-15T15:07:33-07:00,0184,,https://www.lapoliciaca.com/nota-roja/matan-a-anciano-por-supuestamente-toquetear-a-mujeres-en-la-calle/
Chihuahua,Ciudad Juárez,2018-08-14T16:19:48-07:00,0185,,https://www.lapoliciaca.com/nota-roja/mataron-a-rafita-de-un-golpe-en-la-cabeza/
Aguascalientes,Asientos,2018-08-14T15:45:11-07:00,0186,,https://www.lapoliciaca.com/nota-roja/matan-a-empleada-domestica-e-intentan-hacer-pasar-el-hecho-como-suicidio/
Tamaulipas,Ciudad Victoria,2018-08-13T20:33:12-07:00,0188,,https://www.lapoliciaca.com/nota-roja/quinceanera-y-su-familia-mueren-en-accidente-despues-de-la-fiesta/
Yucatán,Muna,2018-08-13T20:29:26-07:00,0189,,https://www.lapoliciaca.com/nota-roja/desentierra-a-su-amigo-y-se-lleva-el-cadaver-a-su-casa/
Chihuahua,Ciudad Juárez,2018-08-13T20:27:01-07:00,0190,,https://www.lapoliciaca.com/nota-roja/hallan-muerto-a-nino-de-6-anos-que-desaparecio-al-salir-a-la-tienda/
Quintana Roo,Cancún,2018-08-13T15:34:49-07:00,0191,,https://www.lapoliciaca.com/nota-roja/sujeto-arroja-acido-afuera-de-tienda-para-correr-a-mujer-indigena/
Querétaro,Querétaro,2018-08-13T10:14:24-07:00,0192,,https://www.lapoliciaca.com/nota-roja/brujo-mato-a-clienta-que-le-reclamo-que-su-hechizo-no-funciono/
San Luis Potosí,Matlapa,2018-08-13T08:17:44-07:00,0193,,https://www.lapoliciaca.com/nota-roja/enfurecida-mujer-le-prendio-fuego-a-su-pareja-video/
Sonora,Nogales,2018-08-10T10:08:22-07:00,0194,,https://www.lapoliciaca.com/nota-roja/mato-a-golpes-a-su-bebito-de-tres-meses-porque-no-dejaba-de-llorar/
Sonora,Hermosillo,2018-08-09T11:12:25-07:00,0196,,https://www.lapoliciaca.com/nota-roja/mata-a-su-mujer-y-dias-despues-se-entrega-y-confiesa-el-crimen/
Jalisco,Tlajomulco de Zúñiga,2018-08-09T09:42:50-07:00,0197,DISPAROS,https://www.lapoliciaca.com/nota-roja/hallan-10-cuerpos-dentro-de-una-casa-en-jalisco-siete-estaban-enterrados/
Hidalgo,Ixmiquilpan,2018-08-08T18:29:00-07:00,0198,,https://www.lapoliciaca.com/nota-roja/mujer-mato-a-su-perro-y-se-lo-sirvio-como-comida-a-su-marido/
Guerrero,Chilpancingo,2018-08-08T18:15:10-07:00,0199,,https://www.lapoliciaca.com/nota-roja/tiran-cuerpo-de-una-mujer-a-una-barranca/
Estado de México,Otzolotepec,2018-08-08T18:10:58-07:00,0200,,https://www.lapoliciaca.com/nota-roja/mato-a-su-exesposo-con-la-ayuda-de-otra-mujer-y-de-su-nueva-pareja/
Yucatán,Mérida,2018-08-08T14:51:38-07:00,0201,,https://www.lapoliciaca.com/nota-roja/cae-homicida-porque-lo-ataco-su-tigre-de-bengala/
Chihuahua,Chihuahua,2018-08-08T11:33:33-07:00,0203,,https://www.lapoliciaca.com/nota-roja/matan-en-hospital-a-doctora-con-8-meses-de-embarazo-dejan-cadaver-en-el-bano/
Durango,El Oro,2018-08-08T10:08:11-07:00,0204,,https://www.lapoliciaca.com/nota-roja/hallan-muertos-en-la-habitacion-de-un-hotel-a-un-joven-y-una-exreina-de-belleza/
Puebla,Puebla,2018-08-08T08:40:21-07:00,0205,,https://www.lapoliciaca.com/nota-roja/festejaba-su-cumpleanos-y-el-mismo-dia-ve-morir-a-su-novia/
Aguascalientes,Jesús María,2018-08-07T16:21:54-07:00,0206,SECUESTRO,https://www.lapoliciaca.com/nota-roja/mata-a-golpes-a-su-hija-de-tres/
Chihuahua,Ciudad Juárez,2018-08-07T12:21:58-07:00,0208,ASALTO,https://www.lapoliciaca.com/nota-roja/ordeno-matar-con-sana-a-los-que-supuestamente-ejecutaron-a-su-hijo/
Puebla,Puebla,2018-08-07T10:11:28-07:00,0209,,https://www.lapoliciaca.com/nota-roja/foto-en-facebook-destapa-violacion-de-nina-de-9-anos/
Puebla,Puebla,2018-08-07T09:15:58-07:00,0210,,https://www.lapoliciaca.com/nota-roja/gizeh-fue-apunalada-y-desollada-viva-por-su-enamorada-obsesiva/
Estado de México,Toluca,2018-08-06T21:10:52-07:00,0211,,https://www.lapoliciaca.com/nota-roja/mato-a-sujeto-porque-se-burlo-por-el-suicidio-de-dos-familiares/
Jalisco,Guadalajara,2018-08-06T12:05:24-07:00,0212,,https://www.lapoliciaca.com/nota-roja/encuentra-10-cadaveres-enterrados-en-el-patio-de-su-casa/
Estado de México,La Paz,2018-08-04T09:54:08-07:00,0214,,https://www.lapoliciaca.com/nota-roja/novios-acuerdan-suicidarse-pero-ella-se-arrepiente-y-el-hombre-resulta-herido-tras-lanzarse-al-vacio/
Chihuahua,Ciudad Juárez,2018-08-03T20:44:20-07:00,0215,,https://www.lapoliciaca.com/nota-roja/hallan-11-personas-muertas-dentro-de-una-casa-en-ciudad-juarez/
San Luis Potosí,Soledad de Graciano Sánchez,2018-08-03T19:20:33-07:00,0216,,https://www.lapoliciaca.com/nota-roja/violo-y-mato-a-su-cunada-en-visperas-de-navidad/
Estado de México,Valle de Chalco,2018-08-03T10:31:07-07:00,0217,,https://www.lapoliciaca.com/nota-roja/golpeo-y-violo-a-su-propia-madre/
Michoacán,Lázaro Cárdenas,2018-08-03T09:00:14-07:00,0218,,https://www.lapoliciaca.com/nota-roja/por-quemar-gente-en-facebook-lo-amarran-y-le-dejan-cartulinas/
Nuevo León,Monterrey,2018-08-03T08:13:50-07:00,0219,,https://www.lapoliciaca.com/nota-roja/muere-ladron-al-quedar-atorado-en-ventana/
Puebla,Puebla,2018-08-02T19:14:12-07:00,0220,,https://www.lapoliciaca.com/nota-roja/mujer-calcino-y-mato-a-su-ex-pareja/
Jalisco,Tuxpan,2018-08-02T19:06:39-07:00,0221,DISPAROS,https://www.lapoliciaca.com/nota-roja/mato-a-su-esposo-para-poder-cobrar-un-seguro-de-vida/
Chihuahua,Ciudad Juárez,2018-08-02T18:33:14-07:00,0222,,https://www.lapoliciaca.com/nota-roja/juego-de-ninos-termina-en-tragedia/
Estado de México,Ecatepec,2018-08-02T10:55:41-07:00,0223,,https://www.lapoliciaca.com/nota-roja/pastor-religioso-violo-a-cuatro-menores-en-un-refugio/
San Luis Potosí,San Luis Potosí,2018-08-02T10:22:16-07:00,0224,DISPAROS,https://www.lapoliciaca.com/nota-roja/mato-a-jovencita-cuando-llevaba-serenata-a-su-madre-el-10-de-mayo/
Morelos,Cuernavaca,2018-08-02T10:18:56-07:00,0225,,https://www.lapoliciaca.com/nota-roja/intento-frustrar-robo-a-tienda-y-mato-a-ladron-es-acusado-de-homicidio-video/
Tamaulipas,Matamoros,2018-08-02T09:51:27-07:00,0226,DISPAROS,https://www.lapoliciaca.com/nota-roja/captan-en-video-enfrentamiento-entre-militares-y-sicarios/
Baja California,Tijuana,2018-08-01T10:54:54-07:00,0227,DISPAROS,https://www.lapoliciaca.com/nota-roja/mi-papa-mato-a-mi-mama/
Morelos,Tetela Del Volcán,2018-08-01T08:34:03-07:00,0228,,https://www.lapoliciaca.com/nota-roja/pobladores-detienen-y-linchan-a-presunto-extorsionador/
Durango,Durango,2018-07-31T18:40:12-07:00,0229,,https://www.lapoliciaca.com/nota-roja/todos-sobreviven-despues-que-avion-se-estrello-en-durango/
Estado de Mexico,Chimalhuacán,2018-07-31T17:13:04-07:00,0230,,https://www.lapoliciaca.com/nota-roja/peleo-con-su-mama-se-fue-de-casa-y-ya-no-regreso-la-violaron-y-asfixiaron/
Zacatecas,Genaro Codina,2018-07-31T10:56:54-07:00,0231,,https://www.lapoliciaca.com/nota-roja/hallan-muerta-a-jovencita-de-16-anos-que-desaparecio-con-su-bebe/
Durango,Mezquital,2018-07-31T08:59:49-07:00,0232,,https://www.lapoliciaca.com/nota-roja/mato-a-su-primo-por-celos/
Baja California,Tijuana,2018-07-30T18:29:36-07:00,0233,DISPAROS,https://www.lapoliciaca.com/nota-roja/provoca-balacera-mata-a-su-esposa-y-toma-a-su-hijo-como-rehen/
Tabasco,Macuspana ,2018-07-30T09:02:02-07:00,0235,,https://www.lapoliciaca.com/nota-roja/matan-a-ninos-de-1-y-8-anos-y-a-sus-abuelos/
Estado de México,Tlalnepantla,2018-07-27T19:31:02-07:00,0236,,https://www.lapoliciaca.com/nota-roja/nancy-salio-con-amigos-y-ya-no-regreso-a-casa/
Puebla,Cholula,2018-07-27T18:01:03-07:00,0237,,https://www.lapoliciaca.com/nota-roja/raymundo-mato-a-sus-dos-hijos-dentro-de-un-hotel-y-luego-se-suicido/
San Luis Potosí,Ciudad Valles,2018-07-27T10:57:03-07:00,0238,,https://www.lapoliciaca.com/nota-roja/su-novio-la-mato-y-fingio-ser-ella-para-ocultar-el-crimen/
Yucatán,Mérida,2018-07-18T18:33:12-07:00,0239,,https://www.lapoliciaca.com/nota-roja/delinquia-para-aparentar-ser-rudo-hasta-que-lo-mataron-y-se-descubrio-su-secreto/
Tamaulipas,Altamira,2018-07-17T15:16:13-07:00,0240,,https://www.lapoliciaca.com/nota-roja/arrebatan-la-vida-a-una-nina-de-7-anos/
Durango,Durango,2018-07-16T17:48:54-07:00,0242,,https://www.lapoliciaca.com/nota-roja/nino-de-12-anos-mato-a-su-prima-de-9-para-vengarse-de-su-tio/
Sonora,Ciudad Obregón,2018-07-16T16:03:29-07:00,0244,DISPAROS,https://www.lapoliciaca.com/nota-roja/suplico-a-mi-nino-no-y-entonces-lo-mataron-dentro-de-una-iglesia/
Nuevo León,Pesquería,2018-07-16T13:15:06-07:00,0245,,https://www.lapoliciaca.com/nota-roja/se-entrega-a-la-policia-tras-quitarle-la-vida-a-su-esposa/
Chihuahua,Chihuahua,2018-07-14T14:21:01-07:00,0246,,https://www.lapoliciaca.com/nota-roja/buscaban-salvar-una-vida-pero-encontraron-la-muerte-a-manos-de-un-enfermero/
Puebla,Puebla,2018-07-14T13:27:10-07:00,0247,,https://www.lapoliciaca.com/nota-roja/zendy-guadalupe-la-estudiante-de-enfermeria-que-fue-degollada-camino-a-la-escuela/
Yucatán,Mérida,2018-07-13T18:37:39-07:00,0248,,https://www.lapoliciaca.com/nota-roja/mato-al-hombre-que-lo-contrato-para-darle-amor/
Yucatán,Mérida,2018-07-13T18:33:44-07:00,0249,,https://www.lapoliciaca.com/nota-roja/la-mato-su-telefono-celular/
Guerrero,Chilpancingo,2018-07-13T18:05:08-07:00,0250,ASESINATO,https://www.lapoliciaca.com/nota-roja/violan-y-privan-de-la-vida-a-una-menor-de-15-anos/
Quintana Roo,Chetumal,2018-07-13T17:09:35-07:00,0251,,https://www.lapoliciaca.com/nota-roja/haber-cortado-a-su-novio-posesivo-le-costo-la-vida-a-jovencita-y-a-su-hermana/
Tabasco,Huimanguillo,2018-07-13T16:03:16-07:00,0252,DISPAROS,https://www.lapoliciaca.com/nota-roja/romance-termina-en-tragedia/
Hidalgo,Tulancingo,2018-07-06T14:52:44-07:00,0253,,https://www.lapoliciaca.com/nota-roja/vivian-con-cadaver-humano/
Nuevo León,Monterrey,2018-07-05T21:50:13-07:00,0254,,https://www.lapoliciaca.com/nota-roja/detienen-a-pareja-que-prostituia-a-nina-de-11-anos/
Guanajuato,León,2018-07-05T21:44:17-07:00,0255,,https://www.lapoliciaca.com/nota-roja/mata-a-su-esposa-y-a-su-cunado-lesiona-a-su-cunada-y-se-suicida-frente-a-sus-hijos/
Puebla,Puebla,2018-07-05T20:19:52-07:00,0256,,https://www.lapoliciaca.com/nota-roja/mujer-mata-a-su-madre-y-apunala-a-su-hija-de-12-anos/
Guerrero,Chilpancingo,2018-07-05T19:55:00-07:00,0257,,https://www.lapoliciaca.com/nota-roja/hallan-muerto-en-una-barranca-a-nino-de-10-anos/
Hidalgo,Atotonilco El Grande,2018-07-03T15:11:27-07:00,0258,,https://www.lapoliciaca.com/nota-roja/muere-jovencita-que-escapo-con-su-novio/
Sinaloa,Culiacán,2018-06-29T15:33:34-07:00,0259,,https://www.lapoliciaca.com/nota-roja/le-aposto-a-mexico-en-su-juego-contra-suecia-perdio-hasta-la-libertad/
Morelos,Temixco,2018-06-26T16:28:15-07:00,0261,,https://www.lapoliciaca.com/nota-roja/mata-a-su-pareja-e-hijastro-por-un-celular/
Hidalgo,Zimapán,2018-06-26T14:12:35-07:00,0262,,https://www.lapoliciaca.com/nota-roja/hallan-muertas-a-dos-mujeres-que-fueron-levantadas-en-centro-nocturno/
Nuevo León,Sabinas Hidalgo,2018-06-25T17:39:52-07:00,0263,,https://www.lapoliciaca.com/nota-roja/mata-a-su-suegra-porque-lo-corrio-de-la-casa/
Estado de México,Zumpango,2018-06-25T16:04:05-07:00,0265,,https://www.lapoliciaca.com/nota-roja/matan-a-joven-mujer-y-le-arrancan-piel-del-rostro/
Sonora,Hermosillo,2018-06-22T15:35:19-07:00,0266,,https://www.lapoliciaca.com/nota-roja/le-corto-la-cabeza-a-su-mama-y-luego-se-quito-la-vida/
Hidalgo,Pachuca,2018-06-21T14:35:12-07:00,0267,,https://www.lapoliciaca.com/nota-roja/pierde-la-vida-por-olvidar-las-llaves-de-su-casa/
Sinaloa,Guasave,2018-06-20T14:24:39-07:00,0269,DISPAROS,https://www.lapoliciaca.com/nota-roja/le-amputan-pierna-por-negligencia-se-suicida-afuera-del-imss-y-deja-carta-para-pena-nieto/
Estado de México,Cuautitlán,2018-06-19T19:58:50-07:00,0270,,https://www.lapoliciaca.com/nota-roja/mujer-trastornada-mata-a-golpes-a-su-propia-hija-de-4-anos/
Nuevo León,Salinas Victoria,2018-06-19T16:01:50-07:00,0271,,https://www.lapoliciaca.com/nota-roja/encuentra-a-esposa-abrazandose-y-besandose-con-su-amante-en-su-propia-casa-lo-mata/
San Luis Potosí,Matlapa,2018-06-18T18:26:55-07:00,0272,,https://www.lapoliciaca.com/nota-roja/mato-a-su-esposa-despues-de-que-le-confesara-que-lo-habia-enganado-con-su-hermano/
Chihuahua,Ciudad Juárez,2018-06-18T17:04:31-07:00,0273,,https://www.lapoliciaca.com/nota-roja/mato-a-su-pareja-porque-llego-tarde-y-borracha/
Tabasco,Huimanguillo,2018-06-18T16:30:14-07:00,0274,,https://www.lapoliciaca.com/nota-roja/mujer-mata-a-su-esposo-por-celos/
Estado de México,Ecatepec,2018-06-14T16:45:36-07:00,0275,,https://www.lapoliciaca.com/nota-roja/joven-madre-se-suicida-frente-a-sus-hijas-deja-una-carta-llena-de-odio/
Estado de México,Toluca,2018-06-12T14:11:39-07:00,0276,SECUESTRO,https://www.lapoliciaca.com/nota-roja/aprovechaba-sus-atributos-para-seducir-a-hombres-y-luego-secuestrarlos/
Morelos,Cuernavaca,2018-06-11T16:23:12-07:00,0277,,https://www.lapoliciaca.com/nota-roja/hallan-calcinada-a-estudiante-de-odontologia-reportada-desaparecida/
Tabasco,Centro,2018-06-11T15:37:04-07:00,0278,,https://www.lapoliciaca.com/nota-roja/mueren-dos-parejas-en-la-habitacion-de-un-motel/
San Luis Potosí,San Luis Potosí,2018-06-05T16:45:14-07:00,0280,,https://www.lapoliciaca.com/nota-roja/mato-a-mujer-dentro-de-un-motel-y-la-envolvio-en-una-sabana/
Tamaulipas,Ciudad Victoria,2018-06-03T19:31:36-07:00,0282,DISPAROS,https://www.lapoliciaca.com/nota-roja/hallan-en-el-fondo-de-un-barranco-los-cuerpos-de-seis-mujeres/
Tabasco,Centla,2018-05-30T17:13:12-07:00,0283,ASALTO,https://www.lapoliciaca.com/nota-roja/hallan-a-presunto-ladron-sentado-y-con-la-cabeza-colgando/
Chihuahua,Ciudad Juárez,2018-05-29T16:08:03-07:00,0284,,https://www.lapoliciaca.com/nota-roja/mato-a-su-novia-y-tiro-el-cuerpo-cerca-de-un-circo/
Estado de México,Tlalnepantla,2018-05-28T14:19:11-07:00,0285,DISPAROS,https://www.lapoliciaca.com/nota-roja/sorprende-a-su-esposa-con-su-amante-dentro-de-un-hotel-y-la-mata/
Michoacán,Hidalgo,2018-05-24T13:42:50-07:00,0287,,https://www.lapoliciaca.com/nota-roja/hallan-muertos-a-tres-jovenes-en-la-habitacion-de-un-motel/
Veracruz,Tamiahua,2018-05-22T12:59:06-07:00,0288,,https://www.lapoliciaca.com/nota-roja/hallan-cuerpo-de-un-naufrago-dentro-de-una-nevera/
Coahuila,Saltillo,2018-05-22T12:24:23-07:00,0289,,https://www.lapoliciaca.com/nota-roja/no-es-justo-que-le-haya-quitado-la-vida-a-mi-hija-ella-tenia-mucho-por-vivir/
Tabasco,Huimanguillo,2018-05-22T11:31:25-07:00,0290,,https://www.lapoliciaca.com/nota-roja/le-quito-la-vida-al-esposo-de-su-amiga/
Nuevo León,Rayones,2018-05-21T12:31:21-07:00,0291,,https://www.lapoliciaca.com/nota-roja/trailero-no-soporta-el-suicidio-de-su-hijo-y-conduce-hacia-la-muerte/
Veracruz,Coatzacoalcos,2018-05-21T10:36:31-07:00,0292,,https://www.lapoliciaca.com/nota-roja/pareja-de-esposos-matan-a-embarazada-porque-no-quiso-abortar/
Hidalgo,Chapulhuacán,2018-05-17T15:37:59-07:00,0293,,https://www.lapoliciaca.com/nota-roja/pasante-de-medicina-reportada-desaparecida-es-hallada-calcinada/
Nuevo León,Santa Catarina,2018-05-16T19:51:18-07:00,0294,,https://www.lapoliciaca.com/nota-roja/mata-a-su-bebe-recien-nacida-porque-no-dejaba-de-llorar/
Morelos,Cuernavaca,2018-05-16T19:48:55-07:00,0295,,https://www.lapoliciaca.com/nota-roja/dos-meses-antes-de-casarse-mato-y-calcino-a-su-prometida/
Estado de México,Tecámac,2018-05-15T15:43:19-07:00,0297,DISPAROS,https://www.lapoliciaca.com/nota-roja/matan-a-una-pareja-y-les-dejan-mensaje-a-el-por-sancho-y-a-ella-por/
Veracruz,Coatzacoalcos,2018-05-14T14:58:20-07:00,0298,,https://www.lapoliciaca.com/nota-roja/detienen-a-mujer-por-vender-la-virginidad-de-su-hija-de-12-anos/
Sonora,Hermosillo,2018-05-14T12:53:25-07:00,0299,,https://www.lapoliciaca.com/nota-roja/termina-muerto-tras-enojarse-porque-no-le-gusto-la-comida-que-le-sirvieron-en-un-restaurante/
Oaxaca,Oaxaca,2018-05-14T12:18:12-07:00,0300,,https://www.lapoliciaca.com/nota-roja/mato-a-su-marido-porque-la-golpeaba/
Veracruz,Poza Rica,2018-05-11T15:59:25-07:00,0301,ASALTO,https://www.lapoliciaca.com/nota-roja/rapta-a-su-hija-la-mata-y-luego-se-quita-la-vida/
Veracruz,Xalapa,2018-05-09T15:37:56-07:00,0302,,https://www.lapoliciaca.com/nota-roja/estaba-obsesionado-con-su-amiga-la-violo-la-mato-y-despues-tiro-el-cuerpo-en-un-predio-baldio/
Estado de México,Tultitlán,2018-05-08T12:36:57-07:00,0303,ASALTO,https://www.lapoliciaca.com/nota-roja/arrestan-a-feminicida-minutos-antes-de-casarse-por-la-iglesia/
Hidalgo,Tulancingo,2018-05-07T09:39:28-07:00,0304,,https://www.lapoliciaca.com/nota-roja/mata-a-su-mama-y-la-entierra-en-horno-para-barbacoa/
Guanajuato,León,2018-05-04T14:35:22-07:00,0305,ASALTO,https://www.lapoliciaca.com/nota-roja/mata-a-su-primo-tras-discusion-por-un-partido-de-futbol/
Estado de México,Donato Guerra,2018-05-03T12:46:39-07:00,0306,DISPAROS,https://www.lapoliciaca.com/nota-roja/cacha-en-la-movida-a-su-exesposa-con-su-primo-y-lo-mata/
Tabasco,Villahermosa,2018-05-02T11:16:08-07:00,0308,,https://www.lapoliciaca.com/nota-roja/asaltantes-le-cortan-la-mano-por-no-traer-dinero/
Coahuila,Saltillo,2018-05-01T14:57:38-07:00,0309,,https://www.lapoliciaca.com/nota-roja/el-estupido-de-rodolfo-mato-a-mi-nino-y-se-mato-el/
Estado de México,Zumpango,2018-05-01T11:49:29-07:00,0310,,https://www.lapoliciaca.com/nota-roja/mato-a-su-esposa-e-hijos-por-una-supuesta-infidelidad-de-la-mujer/
Tabasco,Centro,2018-05-01T11:38:16-07:00,0311,:SECUESTRO,https://www.lapoliciaca.com/nota-roja/queman-vivo-a-presunto-ladron-video/
Nayarit,Tepic,2018-04-30T12:22:03-07:00,0312,,https://www.lapoliciaca.com/nota-roja/mama-y-bebe-fueron-quemadas-vivas-por-joven-veterinario/
Estado de México,Ecatepec,2018-04-30T11:28:48-07:00,0313,,https://www.lapoliciaca.com/nota-roja/hallan-muerta-a-joven-mujer-cinco-dias-despues-de-que-se-reporto-su-desaparicion/
Guerrero,Acapulco,2018-04-30T11:28:37-07:00,0314,,https://www.lapoliciaca.com/nota-roja/hallan-muerta-a-mujer-que-fue-raptada-en-primaria-de-acapulco/
Chihuahua,Ciudad Juárez,2018-04-27T15:38:51-07:00,0315,,https://www.lapoliciaca.com/nota-roja/mato-a-su-esposa-y-la-enterro-en-el-patio-de-su-casa-luego-la-desenterro-y-ahi-fue-descubierto/
Estado de México,Chimalhuacán,2018-04-26T15:26:26-07:00,0316,,https://www.lapoliciaca.com/nota-roja/padres-olvidan-llaves-de-su-casa-brincan-a-su-hijo-de-7-anos-y-sus-perros-lo-matan/
Tabasco,Villahermosa,2018-04-25T13:26:35-07:00,0317,,https://www.lapoliciaca.com/nota-roja/intentan-linchar-en-penal-de-tabasco-a-tres-presuntos-homicidas-de-un-nino-video/
Nuevo León,Lampazos de Naranjo,2018-04-25T12:39:34-07:00,0318,,https://www.lapoliciaca.com/nota-roja/mato-a-su-pareja-e-invento-que-encapuchados-la-habian-privado-de-la-vida-en-un-asalto/
Estado de México,Cuautitlán Izcalli,2018-04-24T08:19:48-07:00,0319,,https://www.lapoliciaca.com/nota-roja/tu-fuiste-el-que-abuso-de-ella-le-gritan-a-sacerdote-antes-de-matarlo/
Nuevo León,Monterrey,2018-04-23T21:34:10-07:00,0320,,https://www.lapoliciaca.com/nota-roja/como-escena-de-pelicula-clientes-y-empleados-frustran-asalto-en-carniceria-video/
Jalisco,Guadalajara,2018-04-23T20:32:39-07:00,0321,SECUESTRO,https://www.lapoliciaca.com/nota-roja/estudiantes-desaparecidos-fueron-disueltos-en-acido/
Guerrero,Acapulco,2018-04-23T19:51:49-07:00,0322,,https://www.lapoliciaca.com/nota-roja/grupo-criminal-le-toma-la-palabra-a-el-bronco-y-mutila-a-supuesto-extorsionador/
Estado de México,Ecatepec,2018-04-23T10:24:15-07:00,0323,,https://www.lapoliciaca.com/nota-roja/yo-los-mate-yo-los-mate-a-los-tres-y-fue-con-puro-cuchillo-video/
Hidalgo,Tula De Allende,2018-04-21T10:53:33-07:00,0324,ASALTO,https://www.lapoliciaca.com/nota-roja/la-olvidaron-en-casa-hallan-cadaver-de-mujer-que-murio-hace-dos-anos/
Guerrero,Chilpancingo,2018-04-17T09:31:13-07:00,0325,DISPAROS,https://www.lapoliciaca.com/nota-roja/matan-a-mujer-embarazada-y-a-su-hija-de-6-anos/
Estado de México,Ixtapan de la Sal,2018-04-16T20:29:16-07:00,0326,,https://www.lapoliciaca.com/nota-roja/mujer-mato-a-su-alumno-de-computacion/
Michoacán,Morelia,2018-04-16T18:36:30-07:00,0327,,https://www.lapoliciaca.com/nota-roja/la-mato-la-mujer-a-la-que-habia-contratado-para-eliminar-a-su-rival-de-amores/
Nuevo León,Montemorelos,2018-04-16T09:47:57-07:00,0328,ASESINATO,https://www.lapoliciaca.com/nota-roja/dos-anos-de-prision-le-dieron-por-matar-su-amiga-y-piden-salga-libre-por-buena-conducta/
Oaxaca,San Francisco Ixhuatán,2018-04-16T08:53:01-07:00,0329,,https://www.lapoliciaca.com/nota-roja/capturan-a-violador-y-lo-arrojan-a-una-jaula-con-cocodrilos-video/
Coahuila,Saltillo,2018-04-16T08:46:53-07:00,0330,,https://www.lapoliciaca.com/nota-roja/por-que-lo-hiciste-flaca-por-que/
Tabasco,Cárdenas,2018-04-16T08:45:15-07:00,0331,SECUESTRO,https://www.lapoliciaca.com/nota-roja/hallan-muerto-a-otro-nino-de-2-anos-que-habia-sido-reportado-como-extraviado/
Coahuila,Acuña,2018-04-16T08:45:01-07:00,0332,,https://www.lapoliciaca.com/nota-roja/se-quita-la-vida-frente-a-la-casa-de-su-ex-porque-no-lo-dejo-entrar-a-dormir/
Guerrero,Chilpancingo,2018-04-16T08:02:05-07:00,0333,ASALTO,https://www.lapoliciaca.com/nota-roja/asaltantes-matan-de-asfixia-a-bebe-de-7-meses-durante-robo-a-casa/
Guanajuato,Irapuato,2018-04-15T17:05:14-07:00,0334,,https://www.lapoliciaca.com/nota-roja/agredio-a-esposo-porque-ni-la-pelo-durante-un-trio/
Durango,Pueblo Nuevo,2018-04-15T16:02:08-07:00,0335,,https://www.lapoliciaca.com/nota-roja/mandaron-matar-a-su-amigo-para-cobrar-seguro-de-vida/
Jalisco,Tlajomulco de Zúñiga,2018-04-15T14:57:27-07:00,0336,,https://www.lapoliciaca.com/nota-roja/violaba-a-menores-y-grababa-el-abuso-luego-subia-el-material-a-redes-sociales/
Michoacán,Morelia,2018-04-14T08:48:23-07:00,0337,,https://www.lapoliciaca.com/nota-roja/fue-una-mujer-detienen-a-la-homicida-de-candidata-a-diputada-en-michoacan/
Chiapas,Cintalapa,2018-04-14T07:41:54-07:00,0338,,https://www.lapoliciaca.com/nota-roja/se-quito-la-vida-por-encontrar-a-su-amada-en-brazos-de-otro/
Tabasco,Villahermosa,2018-04-13T10:09:03-07:00,0339,SECUESTRO,https://www.lapoliciaca.com/nota-roja/matan-a-nino-de-3-anos-y-dejan-su-cuerpo-en-una-caja-de-carton/
Yucatán,Kanasín,2018-04-13T09:15:50-07:00,0340,,https://www.lapoliciaca.com/nota-roja/celoso-sujeto-le-quita-la-vida-a-un-amigo-de-su-esposa/
Guerrero,Taxco,2018-04-13T07:44:19-07:00,0341,DISPAROS,https://www.lapoliciaca.com/nota-roja/mata-a-su-hermano-por-pleito-entre-su-esposa-y-su-cunada/
Michoacán,Lázaro Cárdenas,2018-04-12T19:59:34-07:00,0342,,https://www.lapoliciaca.com/nota-roja/se-le-muere-su-pareja-en-plena-luna-de-miel/
Michoacán,Morelia,2018-04-12T18:24:29-07:00,0344,,https://www.lapoliciaca.com/nota-roja/hallan-muerta-a-candidata-del-partido-verde-en-michoacan/
Estado de México,Huixquilucan,2018-04-12T07:46:04-07:00,0345,,https://www.lapoliciaca.com/nota-roja/dispara-a-su-companero-de-secundaria-y-luego-se-quita-la-vida/
Estado de México,Ecatepec,2018-04-12T06:55:12-07:00,0346,,https://www.lapoliciaca.com/nota-roja/reto-al-asesino-de-mi-hija-aqui-lo-espero-que-venga-por-mi/
Sinaloa,Culiacán,2018-04-10T21:54:05-07:00,0347,,https://www.lapoliciaca.com/nota-roja/hallan-bajo-un-puente-el-cuerpo-de-una-joven-reportada-como-desaparecida/
Chihuahua,Ciudad Juárez,2018-04-10T18:43:05-07:00,0348,ASESINATO,https://www.lapoliciaca.com/nota-roja/mata-hombre-a-su-esposa-y-luego-se-suicida-su-hija-de-9-anos-descubrio-la-macabra-escena/
Puebla,Puebla,2018-04-10T18:27:35-07:00,0349,,https://www.lapoliciaca.com/nota-roja/escribe-mensaje-con-su-sangre-antes-de-quitarse-la-vida/
Estado de México,Coacalco,2018-04-10T17:54:10-07:00,0350,,https://www.lapoliciaca.com/nota-roja/daniel-le-quito-la-vida-a-su-esposa-enfrente-de-sus-hijos-lo-sentencian-a-70-anos-de-prision/
Durango,Durango,2018-04-10T08:36:52-07:00,0351,,https://www.lapoliciaca.com/nota-roja/ahogo-a-adolescente-de-15-anos-porque-pidio-auxilio-cuando-intento-violarla/
Puebla,San Simón Yehualtepec,2018-04-10T08:36:44-07:00,0352,ASALTO,https://www.lapoliciaca.com/nota-roja/cansados-de-la-inseguridad-pobladores-queman-vivos-a-cuatro-asaltantes/
Estado de México,Teoloyucan,2018-04-10T08:29:11-07:00,0353,,https://www.lapoliciaca.com/nota-roja/obligaba-a-nina-embarazada-a-prostituirse/
Coahuila,Saltillo,2018-04-10T07:48:50-07:00,0355,SECUESTRO,https://www.lapoliciaca.com/nota-roja/violador-fue-atrapado-por-su-victima-siete-meses-despues/
Tamaulipas,Reynosa,2018-04-10T07:17:04-07:00,0356,,https://www.lapoliciaca.com/nota-roja/nunca-se-imagino-que-era-su-tia-a-quien-sacaban-muerta-de-un-hotel/
Sonora,Hermosillo,2018-04-10T07:00:09-07:00,0357,,https://www.lapoliciaca.com/nota-roja/pierde-la-vida-por-molestar-a-la-esposa-de-su-amigo/
Tamaulipas,Reynosa,2018-04-09T20:42:22-07:00,0358,,https://www.lapoliciaca.com/nota-roja/mata-a-su-vecino-por-no-invitarle-una-cerveza/
Veracruz,Coatzacoalcos,2018-04-09T20:36:14-07:00,0359,,https://www.lapoliciaca.com/nota-roja/tiran-cadaver-de-mujer-desnuda-en-camino-de-terraceria-al-parecer-fue-violada/
Nayarit,Bahía de Banderas,2018-04-09T19:21:18-07:00,0360,,https://www.lapoliciaca.com/nota-roja/jovencita-pierde-la-vida-al-salir-disparada-de-juego-mecanico/
Chihuahua,Ciudad Juárez,2018-04-09T18:47:48-07:00,0361,ASESINATO,https://www.lapoliciaca.com/nota-roja/hallan-muerto-en-su-celda-a-sujeto-que-violo-a-tres-hermanitas-y-mato-a-una-de-ellas/
Coahuila,Torreón,2018-04-09T02:38:35-07:00,0362,,https://www.lapoliciaca.com/nota-roja/por-celos-mujer-apunala-y-mata-a-su-esposo-era-policia/
Nuevo León,Santa Catarina,2018-04-09T02:28:42-07:00,0363,,https://www.lapoliciaca.com/nota-roja/viola-y-mata-a-su-vecina-delante-de-su-hijo-de-7-anos/
Tabasco,Nacajuca,2018-04-09T02:13:23-07:00,0364,,https://www.lapoliciaca.com/nota-roja/violan-y-matan-a-mujer-con-8-meses-de-embarazo-delante-de-su-hijo-de-4-anos/
Aguascalientes,Aguascalientes,2018-04-09T02:12:45-07:00,0365,,https://www.lapoliciaca.com/nota-roja/rescatan-a-nino-que-era-encadenado-a-un-arbol-en-el-patio-de-su-domicilio/
Sinaloa,Guasave,2018-04-08T21:38:17-07:00,0366,,https://www.lapoliciaca.com/nota-roja/detienen-a-profesor-de-gimnasia-por-abusar-sexualmente-de-sus-alumnas/
Nuevo León,San Pedro Garza García,2018-04-06T20:13:13-07:00,0367,,https://www.lapoliciaca.com/nota-roja/camaras-de-seguridad-captan-ejecucion-en-restaurante-de-nuevo-leon-video/
Oaxaca,San Jerónimo Tlacochahuaya,2018-04-06T19:43:39-07:00,0368,,https://www.lapoliciaca.com/nota-roja/matan-a-mujer-y-la-entamban-le-dieron-un-disparo-en-su-parte-intima/
Jalisco,Zapopan,2018-04-06T19:42:59-07:00,0369,DISPAROS,https://www.lapoliciaca.com/nota-roja/padre-dispara-en-la-cabeza-a-sus-3-hijos-y-luego-se-quita-la-vida-solo-dos-sobrevivieron/
Oaxaca ,San Jerónimo Tlacochahuaya,2018-04-06T19:42:41-07:00,0370,DISPAROS,https://www.lapoliciaca.com/nota-roja/la-matan-y-desaparecen-a-su-bebe-de-16-dias-de-nacida/
Nuevo León,Monterrey,2018-04-06T07:42:30-07:00,0371,,https://www.lapoliciaca.com/nota-roja/mato-a-su-amante-en-la-habitacion-de-un-hotel/
Hidalgo,Tulancingo,2018-04-06T07:14:23-07:00,0372,,https://www.lapoliciaca.com/nota-roja/lo-detienen-por-sostener-relaciones-con-una-nina-48-anos-menor-que-el/
Estado de México,Zumpango,2018-04-06T06:59:28-07:00,0373,ASALTO,https://www.lapoliciaca.com/nota-roja/asaltaban-tiendas-oxxo-y-violaban-a-las-empleadas/
Veracruz,Lerdo de Tejada,2018-04-05T20:01:53-07:00,0376,ASESINATO,https://www.lapoliciaca.com/nota-roja/yo-tengo-ropita-de-bebe-voy-a-tener-varon-y-tu-nina-te-la-voy-a-regalar/
Veracruz,Río Blanco,2018-04-05T18:43:09-07:00,0377,,https://www.lapoliciaca.com/nota-roja/tras-regano-de-su-madre-se-suicida-adolescente-arrojandose-a-las-vias-del-tren/
Puebla,Tlatlauquitepec,2018-04-05T07:05:04-07:00,0378,,https://www.lapoliciaca.com/nota-roja/violan-a-adolescente-en-telesecundaria-su-maestra-le-dijo-que-se-callara/
Tamaulipas,Altamira,2018-04-04T20:54:17-07:00,0382,,https://www.lapoliciaca.com/nota-roja/jessica-estaba-consciente-aun-cuando-la-abrieron-con-un-cuchillo-de-cocina-para-robarle-su-bebe/
Chihuahua,Ciudad Juárez,2018-04-04T20:19:14-07:00,0383,,https://www.lapoliciaca.com/nota-roja/jovencita-le-quito-la-vida-a-su-hermano-tras-discutir-por-la-cochera/
Veracruz,Alvarado,2018-04-04T19:43:38-07:00,0384,SECUESTRO,https://www.lapoliciaca.com/nota-roja/matan-a-otra-mujer-embarazada-para-extraerle-a-su-bebe-ahora-en-veracruz/
Morelos,Temixco,2018-04-04T06:06:22-07:00,0385,,https://www.lapoliciaca.com/nota-roja/nina-de-14-anos-mata-a-su-bebe-recien-nacida-tras-provocarse-el-parto/
Tamaulipas,Tampico,2018-04-03T17:50:13-07:00,0386,,https://www.lapoliciaca.com/nota-roja/mataron-a-jovencita-con-ocho-meses-de-embarazo-para-extraerle-a-su-bebe/
Veracruz,Ciudad Isla,2018-03-29T21:03:38-07:00,0387,,https://www.lapoliciaca.com/nota-roja/hiere-a-su-novia-y-le-quita-la-vida-a-su-suegra-intento-enterrarlas-en-el-patio-de-una-casa/
Durango,Durango,2018-03-28T21:22:25-07:00,0388,,https://www.lapoliciaca.com/nota-roja/sorprenden-a-primos-hermanos-teniendo-relaciones-en-un-auto-los-detienen-tras-persecucion/
Guanajuato,Irapuato,2018-03-28T20:42:33-07:00,0389,SECUESTRO,https://www.lapoliciaca.com/nota-roja/detienen-a-la-cantante-la-diva-del-corrido-acusada-de-secuestro/
Durango,Gómez Palacio,2018-03-28T20:14:28-07:00,0390,,https://www.lapoliciaca.com/nota-roja/desgarrador-le-quitan-la-vida-a-recien-nacido-de-un-golpe-en-la-cabeza-y-lo-arrojan-a-un-canal/
Oaxaca,Salina Cruz,2018-03-28T20:10:59-07:00,0391,,https://www.lapoliciaca.com/nota-roja/llego-ebrio-a-su-casa-y-comenzo-a-golpear-a-su-mujer-eso-le-costo-la-vida/
Estado de México,Otumba,2018-03-28T19:13:17-07:00,0392,,https://www.lapoliciaca.com/nota-roja/violan-y-le-cortan-el-cuello-a-jovencita/
Puebla,Puebla,2018-03-28T12:50:18-07:00,0394,,https://www.lapoliciaca.com/nota-roja/pierde-la-vida-por-intentar-asaltar-al-dueno-de-un-porsche-queria-su-rolex/
Colima,Tecomán,2018-03-28T09:56:46-07:00,0395,ASALTO,https://www.lapoliciaca.com/nota-roja/ultima-a-su-esposa-agrede-a-sus-hijas-y-despues-se-quita-la-vida/
Estado de México,La Paz,2018-03-27T23:13:22-07:00,0396,,https://www.lapoliciaca.com/nota-roja/torturan-hasta-la-muerte-a-una-mujer-en-su-propia-casa/
Chiapas,Catazajá,2018-03-27T23:12:53-07:00,0397,,https://www.lapoliciaca.com/nota-roja/asesinan-y-calcinan-a-una-joven-desaparecida/
Estado de México,Ecatepec,2018-03-27T23:12:29-07:00,0398,DISPAROS,https://www.lapoliciaca.com/nota-roja/le-quitan-la-vida-por-andar-con-una-mujer-casada/
Nuevo León,Guadalupe,2018-03-27T02:33:29-07:00,0399,ASALTO,https://www.lapoliciaca.com/nota-roja/hallan-calcinada-a-adolescente-embarazada-reportada-desaparecida/
Estado de México,Toluca,2018-03-26T21:29:12-07:00,0400,,https://www.lapoliciaca.com/nota-roja/mata-a-su-esposo-con-un-hacha-mientras-dormia-lo-sepulto-en-el-patio/
Puebla,Santa María Coronango,2018-03-26T18:04:30-07:00,0401,,https://www.lapoliciaca.com/nota-roja/beatriz-perdio-la-vida-tras-confesarle-a-su-esposo-que-lo-enganaba-con-el-vecino/
Quintana Roo ,Tulum,2018-03-24T23:05:52-07:00,0402,,https://www.lapoliciaca.com/nota-roja/hallan-muerta-a-familia-de-estados-unidos-en-tulum/
Estado de Mexico,Chimalhuacán,2018-03-23T05:32:19-07:00,0403,,https://www.lapoliciaca.com/nota-roja/violo-y-despues-le-quito-la-vida-a-una-menor-de-edad/
Michoacán,Zacapu,2018-03-23T05:30:46-07:00,0404,ASESINATO,https://www.lapoliciaca.com/nota-roja/mata-a-su-ex-pareja-en-un-mercado-por-haberlo-abandonado/
Guerrero,Acapulco,2018-03-23T00:27:36-07:00,0406,,https://www.lapoliciaca.com/nota-roja/sujetos-armados-asaltan-y-rapan-a-estudiantes-y-maestras-de-telesecundaria/
Tlaxcala,Apizaco,2018-03-22T14:19:17-07:00,0407,ASESINATO,https://www.lapoliciaca.com/nota-roja/hallan-muerta-a-ninera-que-fue-evidenciada-golpeando-a-dos-bebes-video/
Chiapas,Cacahoatán,2018-03-22T02:42:31-07:00,0408,,https://www.lapoliciaca.com/nota-roja/no-soporto-mas-violencia-y-le-corto-la-yugular-a-su-marido/
Puebla,Puebla,2018-03-20T14:53:16-07:00,0410,,https://www.lapoliciaca.com/nota-roja/muere-nina-de-8-anos-por-comer-pollo-descompuesto/
Querétaro,Colón,2018-03-20T09:01:49-07:00,0412,,https://www.lapoliciaca.com/nota-roja/nino-abuso-de-su-prima-de-6-anos-la-mato-y-la-enterro-en-el-patio-de-su-casa/
Puebla,Puebla,2018-03-20T03:05:32-07:00,0413,,https://www.lapoliciaca.com/nota-roja/pobladores-queman-vivo-a-delincuente-porque-estaban-hartos-de-el/
Guanajuato,León,2018-03-20T03:05:18-07:00,0414,,https://www.lapoliciaca.com/nota-roja/perro-pitbull-defendio-su-casa-y-le-arranco-oreja-a-ladron/
Oaxaca,Puerto Escondido,2018-03-19T13:55:10-07:00,0415,,https://www.lapoliciaca.com/nota-roja/choque-de-paracaidas-deja-una-mujer-sin-vida-el-accidente-fue-captado-en-video/
Chiapas,Cintalapa,2018-03-19T13:38:40-07:00,0416,,https://www.lapoliciaca.com/nota-roja/joven-mato-a-machetazos-a-su-mama-y-a-su-hermanita-de-3-anos/
Estado de México,Nezahualcóyotl,2018-03-19T13:15:55-07:00,0417,,https://www.lapoliciaca.com/nota-roja/fatima-estaba-embarazada-de-gemelos-y-fue-asesinada-por-su-esposo/
Aguascalientes,Aguascalientes,2018-03-18T20:48:26-07:00,0418,ASESINATO,https://www.lapoliciaca.com/nota-roja/hallan-sin-vida-en-campo-de-futbol-a-jovencita-reportada-desaparecida/
Chiapas,Tapachula,2018-03-18T20:43:32-07:00,0419,,https://www.lapoliciaca.com/nota-roja/hallo-la-muerte-mientras-esperaba-recibir-programa-prospera/
Estado de México,Ecatepec,2018-03-16T16:43:16-07:00,0420,,https://www.lapoliciaca.com/nota-roja/ladron-se-atora-en-la-chimenea-de-una-rosticeria-y-muere-calcinado/
Yucatán,Mérida,2018-03-16T09:08:29-07:00,0422,,https://www.lapoliciaca.com/nota-roja/estuvo-muerto-cuatro-meses-en-una-autopista-y-nadie-se-percato/
Coahuila,Torreón,2018-03-16T08:59:58-07:00,0423,DISPAROS,https://www.lapoliciaca.com/nota-roja/delante-de-sus-hijos-asesino-a-su-ex-pareja-y-a-la-madre-de-esta/
Veracruz,Agua Dulce,2018-03-16T08:19:26-07:00,0424,,https://www.lapoliciaca.com/nota-roja/detienen-a-sujeto-tras-abandonar-a-su-esposa-el-mismo-dia-de-la-boda/
Nuevo León,Juárez,2018-03-15T01:49:47-07:00,0427,,https://www.lapoliciaca.com/nota-roja/lanza-golpe-a-rival-y-este-lo-mata-a-balazos-video/
Chihuahua,Guachochi,2018-03-15T01:11:07-07:00,0428,,https://www.lapoliciaca.com/nota-roja/el-diablo-asesino-a-tres-hombres-porque-le-negaron-un-trago/
Jalisco,Guadalajara,2018-03-14T23:52:11-07:00,0430,ASESINATO:DISPAROS,https://www.lapoliciaca.com/nota-roja/karina-la-universitaria-asesinada-frente-a-su-pequena-hija/
Michoacán,Uruapan,2018-03-14T14:13:47-07:00,0431,,https://www.lapoliciaca.com/nota-roja/detienen-a-sujeto-acusado-de-asesinar-a-su-esposa-y-sus-dos-hijos/
Nuevo León,Monterrey,2018-03-12T11:36:03-07:00,0434,,https://www.lapoliciaca.com/nota-roja/muere-pareja-en-la-habitacion-de-un-motel/
Michoacán,Uruapan,2018-03-12T09:21:11-07:00,0435,,https://www.lapoliciaca.com/nota-roja/por-que-mataron-a-mi-familia-con-tanta-sana/
Estado de México,Tecámac,2018-03-09T07:37:24-07:00,0436,,https://www.lapoliciaca.com/nota-roja/justiciero-hinca-y-mata-a-presuntos-asaltantes/
Chihuahua,Ciudad Juárez,2018-03-09T00:53:27-07:00,0438,:ASESINATO,https://www.lapoliciaca.com/nota-roja/llorando-ante-las-camaras-pidio-ayuda-para-localizar-a-su-pareja-desaparecida-el-la-asesino-video/
Durango,Guanaceví,2018-03-08T09:37:59-07:00,0439,,https://www.lapoliciaca.com/nota-roja/terrible-asesino-a-golpes-a-su-bisabuela/
Veracruz,Tuxpan,2018-03-08T08:58:03-07:00,0440,,https://www.lapoliciaca.com/nota-roja/ama-de-casa-fue-hallada-muerta-y-desnuda-a-orillas-de-un-rio/
Estado de México,Huehuetoca,2018-03-07T19:50:04-07:00,0441,,https://www.lapoliciaca.com/nota-roja/mato-a-su-pareja-sentimental-y-a-la-mascota-de-ella/
Coahuila,Torreón,2018-03-07T19:10:24-07:00,0442,ASESINATO,https://www.lapoliciaca.com/nota-roja/alexis-fue-asesinado-a-golpes-por-su-padrastro-su-perrita-bambi-lo-espera-afuera-de-su-casa/
Estado de México,Ecatepec,2018-03-07T09:39:40-07:00,0445,ASESINATO,https://www.lapoliciaca.com/nota-roja/joven-hallada-brutalmente-asesinada-es-kenny-una-modelo-venezolana/
Veracruz,Veracruz,2018-03-07T09:37:07-07:00,0447,,https://www.lapoliciaca.com/nota-roja/hallan-cuerpo-de-recien-nacida-dentro-de-una-bolsa/
Guanajuato,León,2018-03-07T09:36:58-07:00,0448,ASESINATO,https://www.lapoliciaca.com/nota-roja/muere-madre-que-asesino-a-sus-tres-hijos-dejo-un-recado-postumo/
